epoch,time,train/box_loss,train/cls_loss,train/dfl_loss,metrics/precision(B),metrics/recall(B),metrics/mAP50(B),metrics/mAP50-95(B),val/box_loss,val/cls_loss,val/dfl_loss,lr/pg0,lr/pg1,lr/pg2
1,11.0959,1.10218,3.63996,1.12565,0.00229,0.5,0.01341,0.00747,0.69532,3.68931,1.01509,6.668e-05,6.668e-05,6.668e-05
2,16.5205,1.0511,3.40473,1.10341,0.00191,0.5,0.44693,0.41419,0.76172,3.3366,0.89078,0.000149287,0.000149287,0.000149287
3,23.1764,1.03011,2.31669,1.03741,0.00181,0.5,0.4975,0.44689,0.78067,3.23886,0.89183,0.00023107,0.00023107,0.00023107
4,29.563,1.00317,1.40194,1.00238,0.00195,0.5,0.49562,0.41253,0.87742,3.22459,0.91608,0.000312027,0.000312027,0.000312027
5,36.4844,0.97579,1.16535,0.97495,0.00182,0.5,0.48243,0.39553,0.86972,3.18621,0.91582,0.000392158,0.000392158,0.000392158
6,42.536,0.97464,1.04901,0.97259,0.00177,0.5,0.4975,0.44815,0.83616,3.1212,0.89404,0.000471465,0.000471465,0.000471465
7,49.1768,0.96995,1.0191,0.96884,0.00171,0.5,0.4975,0.43808,0.87515,3.09837,0.90482,0.000549947,0.000549947,0.000549947
8,55.759,0.92487,0.9828,0.9662,0.00169,0.5,0.4975,0.45148,0.84049,3.0149,0.90003,0.000627603,0.000627603,0.000627603
9,62.6382,0.92968,0.93088,0.96347,0.00371,0.50781,0.49857,0.44498,0.93533,3.02634,0.92724,0.000704434,0.000704434,0.000704434
10,68.9107,0.98587,0.94322,0.96659,0.00793,0.65625,0.5265,0.40171,0.96009,2.96552,0.94696,0.00078044,0.00078044,0.00078044
11,75.571,0.93266,0.88872,0.95294,0.06387,0.67188,0.61608,0.53253,1.00359,2.87671,0.95864,0.000855621,0.000855621,0.000855621
12,82.465,0.97373,0.88113,0.97908,0.98847,0.5,0.83625,0.70178,0.97925,2.64954,0.94668,0.000929977,0.000929977,0.000929977
13,90.1215,0.91554,0.84453,0.94742,0.98957,0.5,0.84283,0.70134,0.97081,2.6129,0.94255,0.00100351,0.00100351,0.00100351
14,96.3369,0.91425,0.84746,0.95817,0.97706,0.5,0.86272,0.71266,0.98397,2.44923,0.95035,0.00107621,0.00107621,0.00107621
15,102.533,0.94542,0.83246,0.95666,0.97105,0.46667,0.87415,0.71274,0.98273,2.4631,0.95495,0.00114809,0.00114809,0.00114809
16,109.75,0.92612,0.81668,0.95024,0.83298,0.13333,0.5054,0.38455,1.02804,2.85008,0.98969,0.00121915,0.00121915,0.00121915
17,115.861,0.89159,0.79037,0.94433,0.92924,0.40466,0.84933,0.67272,0.94433,2.44941,0.9453,0.00128938,0.00128938,0.00128938
18,122.108,0.90847,0.76937,0.94839,1,0.59368,0.86384,0.65509,1.03925,2.13856,0.98902,0.00135878,0.00135878,0.00135878
19,129.189,0.8911,0.76053,0.94846,0.93596,0.64794,0.75447,0.55461,1.1189,1.98618,1.02244,0.00142736,0.00142736,0.00142736
20,135.646,0.89733,0.78809,0.9551,0.92648,0.6443,0.81106,0.62253,1.03502,1.8789,1.02712,0.00149512,0.00149512,0.00149512
21,141.863,0.88745,0.72044,0.93801,1,0.6497,0.74294,0.54852,1.15806,1.88454,1.07572,0.00150197,0.00150197,0.00150197
22,148.248,0.8926,0.74283,0.95181,0.91105,0.68228,0.82076,0.65203,0.99061,1.71381,0.97479,0.00149372,0.00149372,0.00149372
23,155.031,0.90067,0.75032,0.94096,0.68789,0.61186,0.67848,0.49777,1.07011,1.90004,1.02074,0.00148546,0.00148546,0.00148546
24,160.928,0.86595,0.70201,0.933,0.7083,0.64064,0.75901,0.61412,1.04714,1.89734,1.06573,0.00147721,0.00147721,0.00147721
25,168.213,0.91482,0.7142,0.97094,0.95626,0.67552,0.81124,0.67391,0.99417,1.58063,1.04301,0.00146896,0.00146896,0.00146896
26,174.09,0.88115,0.69046,0.94314,0.90535,0.83667,0.90488,0.74066,0.97293,1.14071,0.96993,0.00146071,0.00146071,0.00146071
27,180.839,0.86357,0.67419,0.9249,0.84334,0.83265,0.90216,0.72414,0.96999,1.15807,0.97582,0.00145246,0.00145246,0.00145246
28,188.333,0.90346,0.67372,0.96255,0.83033,0.86533,0.94713,0.74965,0.90849,0.98053,0.95047,0.00144421,0.00144421,0.00144421
29,195.276,0.88504,0.65433,0.94631,0.92515,0.88391,0.94073,0.77129,0.8693,0.7611,0.93572,0.00143595,0.00143595,0.00143595
30,202.342,0.86128,0.63332,0.92713,0.95955,0.84031,0.9665,0.78535,0.85912,0.71805,0.9211,0.0014277,0.0014277,0.0014277
31,208.312,0.86837,0.65816,0.94354,0.91977,0.84692,0.89312,0.72822,0.90938,0.89353,0.94868,0.00141945,0.00141945,0.00141945
32,214.621,0.89391,0.64066,0.94617,0.81241,0.80991,0.9408,0.7765,0.88586,0.81634,0.92339,0.0014112,0.0014112,0.0014112
33,221.143,0.91077,0.65166,0.94559,0.89383,0.85274,0.93211,0.76028,0.90136,0.82304,0.92723,0.00140295,0.00140295,0.00140295
34,227.482,0.88921,0.63966,0.95115,0.97191,0.86521,0.962,0.80232,0.82431,0.65375,0.9154,0.0013947,0.0013947,0.0013947
35,233.871,0.8615,0.59181,0.93946,0.92021,0.94564,0.98802,0.7852,0.84099,0.57781,0.92088,0.00138644,0.00138644,0.00138644
36,239.972,0.83479,0.58485,0.91899,0.97159,0.83338,0.96846,0.75753,0.87574,0.61243,0.93687,0.00137819,0.00137819,0.00137819
37,247.088,0.84683,0.58727,0.93349,0.95213,0.90981,0.97039,0.78842,0.87576,0.52641,0.93111,0.00136994,0.00136994,0.00136994
38,253.282,0.82322,0.5752,0.9209,0.94346,0.91074,0.95478,0.79025,0.8853,0.54122,0.9314,0.00136169,0.00136169,0.00136169
39,259.503,0.83502,0.57657,0.91853,0.98076,0.88567,0.95085,0.7643,0.92374,0.54088,0.94922,0.00135344,0.00135344,0.00135344
40,266.119,0.82842,0.56546,0.91403,0.92722,0.97656,0.97052,0.79237,0.87418,0.48857,0.92887,0.00134519,0.00134519,0.00134519
41,272.647,0.84624,0.56889,0.91938,0.93578,0.95852,0.96548,0.77133,0.90454,0.49218,0.94209,0.00133693,0.00133693,0.00133693
42,279.121,0.88314,0.58026,0.9331,0.94899,0.9375,0.96147,0.79081,0.87606,0.51209,0.94054,0.00132868,0.00132868,0.00132868
43,285.512,0.89815,0.56865,0.93597,0.94463,0.93554,0.95447,0.77187,0.91934,0.52542,0.94486,0.00132043,0.00132043,0.00132043
44,291.974,0.87476,0.58492,0.92894,0.94831,0.94219,0.96962,0.79154,0.86736,0.48675,0.9252,0.00131218,0.00131218,0.00131218
45,298.482,0.83344,0.54756,0.92191,0.97418,0.92917,0.97075,0.80144,0.86408,0.48164,0.92619,0.00130393,0.00130393,0.00130393
46,304.359,0.83098,0.5584,0.9242,0.95332,0.92188,0.94488,0.75325,0.97483,0.50932,0.96104,0.00129568,0.00129568,0.00129568
47,311.047,0.77864,0.51692,0.91545,0.97383,0.91406,0.94722,0.79195,0.89876,0.48428,0.94373,0.00128742,0.00128742,0.00128742
48,317.016,0.79531,0.51838,0.92003,0.93007,0.93543,0.95925,0.78613,0.86963,0.48129,0.93892,0.00127917,0.00127917,0.00127917
49,323.768,0.80208,0.54059,0.9232,0.92586,0.94531,0.95476,0.74446,0.93272,0.5317,0.96056,0.00127092,0.00127092,0.00127092
50,330.017,0.77593,0.51116,0.91805,0.98364,0.91975,0.9636,0.76928,0.90144,0.46222,0.94587,0.00126267,0.00126267,0.00126267
51,336.88,0.78248,0.51639,0.90811,0.98304,0.9375,0.96472,0.77473,0.86518,0.47169,0.93135,0.00125442,0.00125442,0.00125442
52,343.113,0.78271,0.51016,0.90403,0.92523,0.95525,0.97549,0.78311,0.86565,0.47543,0.9345,0.00124617,0.00124617,0.00124617
53,349.731,0.79454,0.50798,0.91972,0.95702,0.93009,0.97098,0.7679,0.88976,0.47667,0.94038,0.00123791,0.00123791,0.00123791
54,356.006,0.78179,0.49319,0.9027,0.95099,0.96846,0.96299,0.78668,0.84774,0.44818,0.92549,0.00122966,0.00122966,0.00122966
55,363.114,0.79056,0.49497,0.92514,0.93397,0.96094,0.95692,0.77231,0.90931,0.48406,0.94205,0.00122141,0.00122141,0.00122141
56,369.185,0.74686,0.49021,0.89594,0.96321,0.91406,0.94531,0.77214,0.85292,0.48597,0.9421,0.00121316,0.00121316,0.00121316
57,375.898,0.80213,0.49204,0.90428,0.93755,0.95244,0.95526,0.76854,0.89763,0.48859,0.95458,0.00120491,0.00120491,0.00120491
58,382.113,0.77676,0.48174,0.90427,0.9668,0.94649,0.95928,0.75617,0.95768,0.51869,0.97683,0.00119666,0.00119666,0.00119666
59,388.782,0.76288,0.48278,0.90905,0.92888,0.92682,0.9649,0.78165,0.87084,0.49332,0.95083,0.0011884,0.0011884,0.0011884
60,395.625,0.75576,0.4707,0.90516,0.96561,0.93068,0.96888,0.79295,0.85493,0.45635,0.93852,0.00118015,0.00118015,0.00118015
61,402.071,0.76103,0.47589,0.90517,0.96351,0.71908,0.83722,0.67975,0.92437,0.74268,0.97912,0.0011719,0.0011719,0.0011719
62,408.286,0.7532,0.47206,0.90424,0.95859,0.66354,0.74303,0.59875,1.0109,1.03223,1.04476,0.00116365,0.00116365,0.00116365
63,414.584,0.73826,0.45717,0.9032,0.95418,0.83208,0.95081,0.74265,0.92276,0.54109,0.94889,0.0011554,0.0011554,0.0011554
64,420.544,0.74689,0.45873,0.89549,0.94773,0.9375,0.97689,0.79418,0.86185,0.43918,0.92548,0.00114715,0.00114715,0.00114715
65,427.483,0.74486,0.46643,0.89379,0.93739,0.97405,0.97397,0.79698,0.85495,0.4382,0.92437,0.00113889,0.00113889,0.00113889
66,433.14,0.74728,0.44704,0.90156,0.93602,0.96745,0.96683,0.79177,0.87011,0.42956,0.93609,0.00113064,0.00113064,0.00113064
67,440.354,0.76424,0.45652,0.90385,0.94325,0.97491,0.97147,0.79433,0.86778,0.42603,0.9322,0.00112239,0.00112239,0.00112239
68,446.089,0.74706,0.44913,0.89183,0.94508,0.95446,0.97151,0.79058,0.86478,0.42766,0.94254,0.00111414,0.00111414,0.00111414
69,453.496,0.72342,0.445,0.88961,0.93222,0.96364,0.9797,0.78955,0.84534,0.42006,0.92412,0.00110589,0.00110589,0.00110589
70,459.218,0.7309,0.4464,0.89073,0.95378,0.96875,0.97957,0.80576,0.87927,0.43635,0.93172,0.00109764,0.00109764,0.00109764
71,466.378,0.73078,0.45005,0.89219,0.96691,0.95691,0.96885,0.78306,0.87427,0.44582,0.93967,0.00108938,0.00108938,0.00108938
72,472.48,0.75027,0.45524,0.89368,0.94274,0.96875,0.97221,0.79728,0.86844,0.41915,0.93183,0.00108113,0.00108113,0.00108113
73,479.25,0.74837,0.45615,0.9039,0.93655,0.99219,0.98524,0.80707,0.86522,0.42028,0.94077,0.00107288,0.00107288,0.00107288
74,485.257,0.71554,0.4419,0.87993,0.94586,0.91927,0.9758,0.80034,0.83574,0.43232,0.9209,0.00106463,0.00106463,0.00106463
75,491.708,0.70803,0.43521,0.89032,0.93151,0.97656,0.97768,0.78415,0.89238,0.43144,0.95003,0.00105638,0.00105638,0.00105638
76,497.982,0.73726,0.44753,0.90301,0.96571,0.93399,0.96087,0.78358,0.86141,0.41558,0.93719,0.00104813,0.00104813,0.00104813
77,505.016,0.75553,0.46018,0.90882,0.94296,0.96875,0.96858,0.78608,0.88041,0.42482,0.94384,0.00103987,0.00103987,0.00103987
78,511.168,0.70685,0.42358,0.89362,0.94625,0.93423,0.96226,0.78214,0.8962,0.42257,0.93757,0.00103162,0.00103162,0.00103162
79,517.624,0.72759,0.43765,0.88892,0.93582,0.97656,0.97497,0.79465,0.89118,0.41362,0.9425,0.00102337,0.00102337,0.00102337
80,523.301,0.73001,0.436,0.90191,0.93848,0.97431,0.97718,0.77801,0.89003,0.40437,0.95102,0.00101512,0.00101512,0.00101512
81,530.339,0.70175,0.42837,0.89156,0.93873,0.97379,0.9776,0.7925,0.88601,0.40969,0.94527,0.00100687,0.00100687,0.00100687
82,536.952,0.68843,0.41416,0.87805,0.9264,0.97521,0.97253,0.7743,0.93132,0.41691,0.95865,0.000998616,0.000998616,0.000998616
83,543.4,0.68076,0.41449,0.8812,0.97313,0.94013,0.97906,0.78955,0.90076,0.42156,0.95618,0.000990365,0.000990365,0.000990365
84,549.271,0.67126,0.40918,0.87541,0.96058,0.94989,0.97936,0.79941,0.90286,0.42517,0.96862,0.000982113,0.000982113,0.000982113
85,556.293,0.67256,0.41789,0.88896,0.9555,0.97501,0.98568,0.79484,0.90678,0.41547,0.9591,0.000973861,0.000973861,0.000973861
86,562.674,0.70094,0.41687,0.89309,0.98622,0.99214,0.995,0.80459,0.89572,0.41013,0.95053,0.00096561,0.00096561,0.00096561
87,569.095,0.69784,0.41632,0.8968,0.97752,0.97656,0.97913,0.78934,0.88813,0.42354,0.94446,0.000957358,0.000957358,0.000957358
88,575.576,0.66328,0.39885,0.86747,0.97615,0.99219,0.99189,0.79813,0.85062,0.41392,0.94273,0.000949106,0.000949106,0.000949106
89,582.254,0.69176,0.41293,0.89494,0.96123,0.98189,0.98824,0.80567,0.81956,0.40763,0.92482,0.000940855,0.000940855,0.000940855
90,589.218,0.71122,0.41235,0.88539,0.96369,0.97943,0.98881,0.8067,0.82899,0.39788,0.92162,0.000932603,0.000932603,0.000932603
91,595.519,0.6984,0.41321,0.88841,0.96062,0.98157,0.9842,0.78768,0.89035,0.40978,0.94147,0.000924352,0.000924352,0.000924352
92,601.199,0.67693,0.40335,0.87846,0.96309,0.99219,0.98951,0.78862,0.87975,0.41186,0.93381,0.0009161,0.0009161,0.0009161
93,607.679,0.67464,0.40304,0.88642,0.974,0.96875,0.98026,0.79045,0.89203,0.41004,0.9354,0.000907848,0.000907848,0.000907848
94,613.465,0.68253,0.40304,0.86818,0.9396,0.96875,0.97511,0.77721,0.8956,0.42374,0.94331,0.000899597,0.000899597,0.000899597
95,620.55,0.68249,0.40942,0.87702,0.94539,0.96875,0.97336,0.77607,0.89536,0.43053,0.93776,0.000891345,0.000891345,0.000891345
96,626.389,0.66435,0.40583,0.87346,0.96435,0.98145,0.97952,0.80129,0.85748,0.40234,0.92381,0.000883093,0.000883093,0.000883093
97,632.77,0.7014,0.41895,0.90263,0.96059,0.97656,0.97342,0.78273,0.88845,0.41812,0.93634,0.000874842,0.000874842,0.000874842
98,639.409,0.67971,0.40688,0.87341,0.94513,0.96875,0.97087,0.78981,0.92953,0.44356,0.95568,0.00086659,0.00086659,0.00086659
99,645.528,0.66942,0.40227,0.8772,0.9604,0.96094,0.97712,0.78762,0.92829,0.43985,0.95029,0.000858338,0.000858338,0.000858338
100,652.172,0.67739,0.40939,0.87754,0.96452,0.98438,0.97917,0.80343,0.90638,0.41727,0.9412,0.000850087,0.000850087,0.000850087
101,658.661,0.6914,0.40482,0.88972,0.96429,0.98438,0.98585,0.79598,0.86947,0.41189,0.92771,0.000841835,0.000841835,0.000841835
102,665.03,0.63729,0.3885,0.87186,0.95876,0.98101,0.97982,0.78499,0.89156,0.39572,0.94074,0.000833583,0.000833583,0.000833583
103,671.713,0.66284,0.38859,0.87365,0.94806,0.97656,0.97906,0.78364,0.88369,0.39883,0.94076,0.000825332,0.000825332,0.000825332
104,677.747,0.62501,0.37414,0.87202,0.94542,0.98228,0.97944,0.79989,0.88624,0.39618,0.95134,0.00081708,0.00081708,0.00081708
105,684.107,0.63203,0.38478,0.8618,0.9709,0.98438,0.98896,0.80403,0.8833,0.40442,0.95077,0.000808828,0.000808828,0.000808828
106,689.863,0.65812,0.38827,0.87508,0.96305,0.96978,0.97935,0.78846,0.88718,0.39796,0.95948,0.000800577,0.000800577,0.000800577
107,696.586,0.65318,0.39141,0.86649,0.95969,0.97417,0.97933,0.80359,0.85606,0.39346,0.93965,0.000792325,0.000792325,0.000792325
108,702.281,0.66308,0.38951,0.86736,0.95195,0.96094,0.97679,0.79801,0.89058,0.40781,0.94639,0.000784073,0.000784073,0.000784073
109,709.382,0.65544,0.39481,0.88056,0.94977,0.93588,0.96951,0.79278,0.90957,0.44028,0.95408,0.000775822,0.000775822,0.000775822
110,715.584,0.63871,0.37636,0.87159,0.96647,0.955,0.9795,0.80623,0.87139,0.38291,0.93942,0.00076757,0.00076757,0.00076757
111,721.719,0.59661,0.36725,0.85904,0.97543,0.92969,0.97422,0.79979,0.88532,0.39344,0.93979,0.000759318,0.000759318,0.000759318
112,728.142,0.61484,0.37135,0.85528,0.93931,0.96924,0.9787,0.81048,0.87014,0.38704,0.93481,0.000751067,0.000751067,0.000751067
113,734.555,0.61258,0.36027,0.85355,0.96095,0.99219,0.98779,0.79752,0.86957,0.38919,0.94301,0.000742815,0.000742815,0.000742815
114,740.807,0.63208,0.37276,0.8616,0.95829,0.99219,0.98792,0.79841,0.89109,0.38999,0.95586,0.000734564,0.000734564,0.000734564
115,746.821,0.6385,0.37843,0.86659,0.95069,0.97656,0.97927,0.78719,0.92638,0.3994,0.96527,0.000726312,0.000726312,0.000726312
116,753.605,0.61291,0.36432,0.86296,0.95444,0.9648,0.97824,0.79348,0.88638,0.38964,0.95475,0.00071806,0.00071806,0.00071806
117,760.152,0.62209,0.36818,0.85353,0.93862,0.95312,0.96664,0.79288,0.87393,0.39786,0.9479,0.000709809,0.000709809,0.000709809
118,766.69,0.60243,0.36336,0.86326,0.96232,0.97656,0.97831,0.77938,0.87625,0.39228,0.94704,0.000701557,0.000701557,0.000701557
119,773.523,0.62225,0.37417,0.86211,0.95097,0.96875,0.97902,0.80456,0.84963,0.38345,0.9325,0.000693305,0.000693305,0.000693305
120,779.63,0.60951,0.36064,0.85903,0.95382,0.98265,0.98049,0.80882,0.87797,0.37981,0.95034,0.000685054,0.000685054,0.000685054
121,786.772,0.59792,0.35855,0.85223,0.95788,0.98438,0.98576,0.80999,0.84466,0.37955,0.93773,0.000676802,0.000676802,0.000676802
122,792.617,0.58616,0.35479,0.8595,0.96834,0.96875,0.97381,0.79,0.87491,0.40691,0.94131,0.00066855,0.00066855,0.00066855
123,799.119,0.61058,0.36338,0.86111,0.9593,0.98069,0.97911,0.79556,0.88125,0.39417,0.94811,0.000660299,0.000660299,0.000660299
124,804.914,0.59277,0.3618,0.85176,0.95058,0.9762,0.97683,0.8065,0.85226,0.38792,0.93512,0.000652047,0.000652047,0.000652047
125,811.753,0.57542,0.34692,0.85607,0.95594,0.98438,0.98103,0.80045,0.87,0.40292,0.94102,0.000643795,0.000643795,0.000643795
126,817.873,0.5929,0.35696,0.85908,0.93745,0.96875,0.97804,0.7941,0.87244,0.40012,0.93747,0.000635544,0.000635544,0.000635544
127,824.366,0.5819,0.3518,0.85794,0.94582,0.97656,0.98082,0.78218,0.88199,0.40009,0.94095,0.000627292,0.000627292,0.000627292
128,830.745,0.60666,0.36183,0.86269,0.94023,0.96749,0.96716,0.79348,0.87346,0.39605,0.94407,0.00061904,0.00061904,0.00061904
129,837.475,0.62634,0.36793,0.86678,0.93976,0.96734,0.96328,0.80457,0.84818,0.39746,0.93151,0.000610789,0.000610789,0.000610789
130,843.499,0.60718,0.36143,0.86541,0.95666,0.96875,0.97712,0.80286,0.88135,0.39511,0.94135,0.000602537,0.000602537,0.000602537
131,849.643,0.58786,0.34965,0.85326,0.97757,0.97656,0.98748,0.79883,0.88241,0.38846,0.94362,0.000594286,0.000594286,0.000594286
132,855.825,0.59398,0.35087,0.86221,0.95898,0.96094,0.97519,0.79803,0.91618,0.40613,0.9495,0.000586034,0.000586034,0.000586034
133,862.083,0.58893,0.34885,0.8488,0.95063,0.97656,0.97476,0.80224,0.9067,0.40066,0.95792,0.000577782,0.000577782,0.000577782
134,868.649,0.59731,0.35782,0.86023,0.94391,0.96094,0.96481,0.79336,0.913,0.39461,0.96085,0.000569531,0.000569531,0.000569531
135,874.666,0.57738,0.3443,0.85677,0.94146,0.96094,0.97492,0.80382,0.9114,0.39503,0.95934,0.000561279,0.000561279,0.000561279
136,881.002,0.5439,0.33725,0.85059,0.99184,0.92969,0.97258,0.79727,0.90981,0.40396,0.96442,0.000553027,0.000553027,0.000553027
137,886.969,0.58052,0.34498,0.8513,0.94133,0.96094,0.97763,0.80107,0.89889,0.39566,0.95793,0.000544776,0.000544776,0.000544776
138,893.509,0.57841,0.34626,0.85156,0.93307,0.95312,0.96492,0.78391,0.93172,0.40797,0.97266,0.000536524,0.000536524,0.000536524
139,900.019,0.53967,0.32965,0.84662,0.93352,0.96061,0.96581,0.79949,0.89183,0.39048,0.95141,0.000528272,0.000528272,0.000528272
140,906.814,0.54695,0.33187,0.8457,0.94891,0.97482,0.97596,0.79885,0.88494,0.40048,0.95379,0.000520021,0.000520021,0.000520021
141,913.306,0.5579,0.34116,0.84441,0.94422,0.96094,0.96734,0.79316,0.87121,0.40308,0.95121,0.000511769,0.000511769,0.000511769
142,919.59,0.54213,0.33423,0.84212,0.94999,0.96875,0.9776,0.79483,0.89931,0.39533,0.95662,0.000503517,0.000503517,0.000503517
143,926.25,0.53737,0.32576,0.8466,0.95743,0.97656,0.98418,0.79231,0.92181,0.39458,0.96556,0.000495266,0.000495266,0.000495266
144,932.616,0.55092,0.33389,0.85246,0.95119,0.96875,0.97465,0.79365,0.90015,0.40094,0.95751,0.000487014,0.000487014,0.000487014
145,938.99,0.55003,0.33181,0.85189,0.9442,0.96094,0.97751,0.79473,0.93115,0.40108,0.97092,0.000478762,0.000478762,0.000478762
146,945.292,0.56531,0.33343,0.84838,0.95105,0.96803,0.97898,0.79857,0.88493,0.38911,0.94202,0.000470511,0.000470511,0.000470511
147,952.363,0.56635,0.34059,0.85969,0.95071,0.96851,0.979,0.79081,0.9162,0.39321,0.95568,0.000462259,0.000462259,0.000462259
148,958.637,0.56537,0.34457,0.85019,0.96466,0.99219,0.99198,0.79261,0.92106,0.38573,0.9528,0.000454007,0.000454007,0.000454007
149,964.998,0.55013,0.32769,0.83973,0.96395,0.99219,0.9891,0.79385,0.91135,0.38857,0.95007,0.000445756,0.000445756,0.000445756
150,971.559,0.5092,0.31871,0.8384,0.95707,0.98438,0.98015,0.79223,0.90883,0.38688,0.95059,0.000437504,0.000437504,0.000437504
151,977.972,0.5371,0.32881,0.83594,0.95587,0.98243,0.98022,0.79962,0.88529,0.38433,0.94634,0.000429253,0.000429253,0.000429253
152,983.615,0.51676,0.31636,0.83812,0.93393,0.9595,0.97006,0.78991,0.90863,0.39133,0.95308,0.000421001,0.000421001,0.000421001
153,990.51,0.52454,0.31957,0.83792,0.93977,0.96706,0.97656,0.80073,0.91079,0.38143,0.9502,0.000412749,0.000412749,0.000412749
154,996.509,0.52276,0.32232,0.83971,0.95644,0.97656,0.98788,0.80161,0.90002,0.37269,0.94672,0.000404498,0.000404498,0.000404498
155,1003.37,0.51065,0.32426,0.83871,0.94547,0.9748,0.97581,0.802,0.89954,0.37211,0.95133,0.000396246,0.000396246,0.000396246
156,1009.03,0.51267,0.31758,0.845,0.95593,0.98419,0.98894,0.80272,0.8988,0.37118,0.94801,0.000387994,0.000387994,0.000387994
157,1015.45,0.48573,0.30775,0.83073,0.95581,0.9831,0.98891,0.8018,0.91623,0.37775,0.96059,0.000379743,0.000379743,0.000379743
158,1022.09,0.50265,0.31449,0.83876,0.95949,0.97772,0.98801,0.81209,0.90062,0.38199,0.9491,0.000371491,0.000371491,0.000371491
159,1028.72,0.51414,0.30998,0.83193,0.94353,0.96094,0.97472,0.80604,0.91224,0.37793,0.95245,0.000363239,0.000363239,0.000363239
160,1035.03,0.5063,0.31836,0.83276,0.94393,0.96183,0.97553,0.80386,0.89412,0.37983,0.94528,0.000354988,0.000354988,0.000354988
161,1041.41,0.51677,0.31913,0.83351,0.94357,0.96222,0.97658,0.80072,0.90207,0.38397,0.94611,0.000346736,0.000346736,0.000346736
162,1047.62,0.49123,0.30066,0.83631,0.95884,0.97803,0.98591,0.79787,0.88892,0.37445,0.95088,0.000338484,0.000338484,0.000338484
163,1054.27,0.50548,0.31056,0.83279,0.95757,0.9826,0.97876,0.79942,0.87217,0.37955,0.93855,0.000330233,0.000330233,0.000330233
164,1060.66,0.51689,0.31214,0.84498,0.9423,0.96684,0.97429,0.80866,0.89385,0.39174,0.94277,0.000321981,0.000321981,0.000321981
165,1067.04,0.53576,0.32345,0.84848,0.95175,0.96875,0.97829,0.80062,0.90823,0.39267,0.95571,0.000313729,0.000313729,0.000313729
166,1073.63,0.51034,0.32253,0.84267,0.94928,0.96875,0.97629,0.79571,0.91026,0.39887,0.95978,0.000305478,0.000305478,0.000305478
167,1079.5,0.494,0.30778,0.83473,0.9439,0.96094,0.97389,0.80451,0.89283,0.39006,0.95422,0.000297226,0.000297226,0.000297226
168,1086.05,0.47447,0.30083,0.82173,0.95209,0.96875,0.98136,0.81184,0.87952,0.37458,0.94401,0.000288974,0.000288974,0.000288974
169,1092.83,0.49398,0.29882,0.83322,0.95074,0.96875,0.97994,0.8078,0.88106,0.3729,0.9411,0.000280723,0.000280723,0.000280723
170,1099.5,0.48928,0.3019,0.83013,0.96008,0.97656,0.98636,0.80908,0.8947,0.37985,0.94558,0.000272471,0.000272471,0.000272471
171,1105.94,0.48998,0.30675,0.83265,0.95893,0.97656,0.98271,0.80642,0.90035,0.3757,0.95112,0.00026422,0.00026422,0.00026422
172,1112.63,0.48319,0.30163,0.82942,0.9572,0.97656,0.98612,0.80916,0.88674,0.37374,0.94878,0.000255968,0.000255968,0.000255968
173,1118.58,0.49074,0.30771,0.83045,0.98918,0.95312,0.98614,0.81337,0.87671,0.37104,0.94712,0.000247716,0.000247716,0.000247716
174,1125.59,0.48533,0.30229,0.82221,0.96559,0.99088,0.98981,0.81148,0.87619,0.37066,0.9484,0.000239465,0.000239465,0.000239465
175,1132.01,0.48471,0.30114,0.83059,0.94836,0.97656,0.97873,0.80728,0.88038,0.37295,0.94477,0.000231213,0.000231213,0.000231213
176,1138.44,0.47734,0.30042,0.82912,0.94347,0.96869,0.97769,0.81221,0.88747,0.39192,0.94369,0.000222961,0.000222961,0.000222961
177,1144.73,0.47793,0.29997,0.83019,0.94317,0.96583,0.97407,0.81915,0.88245,0.39452,0.94382,0.00021471,0.00021471,0.00021471
178,1151.7,0.48566,0.30227,0.83587,0.95059,0.97459,0.98594,0.81204,0.89664,0.39154,0.94777,0.000206458,0.000206458,0.000206458
179,1158.11,0.46721,0.29062,0.83161,0.95733,0.98268,0.98909,0.79712,0.90588,0.39407,0.94968,0.000198206,0.000198206,0.000198206
180,1164.4,0.47907,0.29621,0.8291,0.95689,0.98273,0.98889,0.80068,0.89532,0.38237,0.94765,0.000189955,0.000189955,0.000189955
181,1171.13,0.45393,0.28761,0.82152,0.9573,0.98281,0.98917,0.80779,0.88545,0.37929,0.94563,0.000181703,0.000181703,0.000181703
182,1177.4,0.47316,0.29357,0.83084,0.94885,0.97491,0.98144,0.81814,0.88689,0.37767,0.94898,0.000173451,0.000173451,0.000173451
183,1183.99,0.47465,0.30195,0.83415,0.95971,0.97818,0.98797,0.81784,0.89003,0.37758,0.95381,0.0001652,0.0001652,0.0001652
184,1190.24,0.49051,0.30554,0.83413,0.95563,0.98267,0.98821,0.80603,0.8984,0.37572,0.95598,0.000156948,0.000156948,0.000156948
185,1196.61,0.48145,0.29515,0.83261,0.95943,0.97787,0.98852,0.80474,0.9019,0.38155,0.95659,0.000148696,0.000148696,0.000148696
186,1203.29,0.44381,0.28289,0.82074,0.95288,0.96622,0.98033,0.80495,0.88225,0.3708,0.94889,0.000140445,0.000140445,0.000140445
187,1210.2,0.46074,0.29895,0.82985,0.9514,0.96875,0.98002,0.80677,0.87926,0.37275,0.94559,0.000132193,0.000132193,0.000132193
188,1216.49,0.47617,0.29238,0.82933,0.96111,0.97194,0.98577,0.80623,0.87644,0.38027,0.94347,0.000123941,0.000123941,0.000123941
189,1222.81,0.46694,0.28821,0.83158,0.96149,0.97219,0.98058,0.80579,0.87435,0.37473,0.9444,0.00011569,0.00011569,0.00011569
190,1228.8,0.46698,0.28819,0.82915,0.96677,0.98438,0.98933,0.80537,0.87745,0.37618,0.94603,0.000107438,0.000107438,0.000107438
191,1241.64,0.47837,0.3083,0.81677,0.95754,0.97656,0.98617,0.80878,0.87422,0.38196,0.94516,9.91865e-05,9.91865e-05,9.91865e-05
192,1248.06,0.46108,0.30298,0.81416,0.95485,0.97656,0.98597,0.80612,0.86668,0.36809,0.94328,9.09349e-05,9.09349e-05,9.09349e-05
193,1254.58,0.47679,0.30737,0.80555,0.95289,0.97656,0.98576,0.80082,0.86869,0.37185,0.94413,8.26832e-05,8.26832e-05,8.26832e-05
194,1260.46,0.4794,0.29831,0.8136,0.95473,0.9375,0.97103,0.80242,0.87286,0.36265,0.94455,7.44316e-05,7.44316e-05,7.44316e-05
195,1267.09,0.465,0.29879,0.80848,0.93148,0.96836,0.96973,0.79815,0.87187,0.36446,0.94148,6.61799e-05,6.61799e-05,6.61799e-05
196,1272.53,0.44551,0.29306,0.80451,0.92512,0.96094,0.96185,0.79559,0.86668,0.3598,0.9396,5.79283e-05,5.79283e-05,5.79283e-05
197,1279.55,0.46352,0.29569,0.81174,0.93358,0.96875,0.96842,0.7964,0.86291,0.36081,0.93896,4.96766e-05,4.96766e-05,4.96766e-05
198,1285.17,0.44895,0.29396,0.80926,0.93432,0.96875,0.9702,0.79607,0.86915,0.3607,0.9402,4.1425e-05,4.1425e-05,4.1425e-05
199,1291.93,0.4347,0.28797,0.80567,0.94182,0.976,0.97698,0.79977,0.87126,0.36239,0.94212,3.31733e-05,3.31733e-05,3.31733e-05
200,1297.52,0.44055,0.28775,0.81031,0.93447,0.9682,0.97041,0.79732,0.87445,0.36682,0.94153,2.49217e-05,2.49217e-05,2.49217e-05
